{
  "Command": "GetWorkLoadData",
  "CommandStatus": {
    "Status": "Success",
    "Message": ""
  },
  "Data": [
    {
      "Name": "CPUTest",
      "Index": "0",
      "expand": "true",
      "DropDownList": [
        {
          "Note": "Power level or Core and Thread selections are not applicable for TDP/nTDP, or PMAX/PMAX.App tests",
          "Name": "TDP",
          "Index": "0",
          "ToolTip": "CPU Workload that generates different power Levels for different Workloads in Percentage. Useful for testing  system stability in terms of thermal and power",
          "TableData": {
            "Header": [
              "Note",
              "Action",
              "Status"
            ],
            "Row": [
              {
                "Note": "Power level or Core and Thread selections are not applicable for TDP/nTDP, or PMAX/PMAX.App tests",
                "Name": "CPU0",
                "Index": "0",
                "GroupID": "6",
                "Action": "Slider",
                "ToolTip": "Utilization workloads. Reference purpose only. On some systems percentages may not work as expected. Useful for PState and performance based tests. This is not a thermal test.",
                "min": 10,
                "max": 100,
                "stepping": 10,
                "ButtonName": "Start",
                "Status": "Stopped",
                "isSelected": true
              }
            ]
          }
        },
        {
          "Note": "Power level or Core and Thread selections are not applicable for TDP/nTDP, or PMAX/PMAX.App tests",
          "Name": "nTDP",
          "Index": "1",
          "ToolTip": "Utilization workloads. Reference purpose only. On some systems percentages may not work as expected. Useful for PState and performance based tests. This is not a thermal test.",
          "TableData": {
            "Header": [
              "Note",
              "Action",
              "Status"
            ],
            "Row": [
              {
                "Note": "Power level or Core and Thread selections are not applicable for TDP/nTDP, or PMAX/PMAX.App tests",
                "Name": "CPU0",
                "Index": "1",
                "GroupID": "6",
                "Action": "Slider",
                "ToolTip": "Utilization workloads. Reference purpose only. On some systems percentages may not work as expected. Useful for PState and performance based tests. This is not a thermal test.",
                "min": 10,
                "max": 100,
                "stepping": 10,
                "ButtonName": "Start",
                "Status": "Stopped",
                "isSelected": true
              }
            ]
          }
        },
        {
          "Note": "",
          "Name": "Core 1A/SSE ",
          "Index": "2",
          "ToolTip": "Utilization workloads. Reference purpose only. On some systems percentages may not work as expected. Useful for PState and performance based tests. This is not a thermal test.",
          "TableData": {
            "Header": [
              "Instance",
              "Levels",
              "Action",
              "Status"
            ],
            "Row": [
              {
                "Name": "CPU0",
                "Index": "0",
                "GroupID": "6",
                "Action": "Slider",
                "ToolTip": "Utilization workloads. Reference purpose only. On some systems percentages may not work as expected. Useful for PState and performance based tests. This is not a thermal test.",
                "min": 10,
                "max": 100,
                "stepping": 10,
                "ButtonName": "Start",
                "Status": "Stopped",
                "isSelected": true,
                
                "SelectAllThread": true,
                
                "PackageCount": 8,
                "PackageAllSelected": true,
                "PackageStart": "CPU 0",
                "PackageEnd": "CPU 2",
                "CoreStart": "Core 0",
                "CoreEnd": "Core 2",
                "CoreCount": 3,
                "ThreadStart": "Thread 0",
                "ThreadEnd": "Thread 1",
                "ThreadCount": 2
              }
            ]
          }
        },
        {
          "Note": "",
          "Name": "Core AVX2 ",
          "Index": "3",
          "ToolTip": "Utilization workloads. Reference purpose only. On some systems percentages may not work as expected. Useful for PState and performance based tests. This is not a thermal test.",
          "TableData": {
            "Header": [
              "Instance",
              "Levels",
              "Action",
              "Status"
            ],
            "Row": [
              {
                "Name": "CPU0",
                "Index": "0",
                "GroupID": "6",
                "Action": "Slider",
                "ToolTip": "Utilization workloads. Reference purpose only. On some systems percentages may not work as expected. Useful for PState and performance based tests. This is not a thermal test.",
                "min": 10,
                "max": 100,
                "stepping": 10,
                "ButtonName": "Start",
                "Status": "Stopped",
                "isSelected": true,
                
                "SelectAllThread": true,
                
                "PackageCount": 8,
                "PackageAllSelected": true,
                "PackageStart": "CPU 0",
                "PackageEnd": "CPU 2",
                "CoreStart": "Core 0",
                "CoreEnd": "Core 2",
                "CoreCount": 3,
                "ThreadStart": "Thread 0",
                "ThreadEnd": "Thread 1",
                "ThreadCount": 2
              }
            ]
          }
        },
        {
          "Note": "",
          "Name": "Core AVX2-512 ",
          "Index": "4",
          "ToolTip": "Utilization workloads. Reference purpose only. On some systems percentages may not work as expected. Useful for PState and performance based tests. This is not a thermal test.",
          "TableData": {
            "Header": [
              "Instance",
              "Levels",
              "Action",
              "Status"
            ],
            "Row": [
              {
                "Name": "CPU0",
                "Index": "0",
                "GroupID": "6",
                "Action": "Slider",
                "ToolTip": "Utilization workloads. Reference purpose only. On some systems percentages may not work as expected. Useful for PState and performance based tests. This is not a thermal test.",
                "min": 10,
                "max": 100,
                "stepping": 10,
                "ButtonName": "Start",
                "Status": "Stopped",
                "isSelected": true,
                
                "SelectAllThread": true,
                
                "PackageCount": 8,
                "PackageAllSelected": true,
                "PackageStart": "CPU 0",
                "PackageEnd": "CPU 2",
                "CoreStart": "Core 0",
                "CoreEnd": "Core 2",
                "CoreCount": 3,
                "ThreadStart": "Thread 0",
                "ThreadEnd": "Thread 1",
                "ThreadCount": 2
              }
            ]
          }
        },
        {
          "Note": "Power level or Core and Thread selections are not applicable for TDP/nTDP, or PMAX/PMAX.App tests",
          "Name": "PMAX",
          "Index": "5",
          "ToolTip": "CPU Workload that generates different power Levels for different Workloads in Percentage. Useful for testing  system stability in terms of thermal and power",
          "TableData": {
            "Header": [
              "Note",
              "Action",
              "Status"
            ],
            "Row": [
              {
                "Note": "Power level or Core and Thread selections are not applicable for TDP/nTDP, or PMAX/PMAX.App tests",
                "Name": "CPU0",
                "Index": "0",
                "GroupID": "6",
                "Action": "Slider",
                "ToolTip": "Utilization workloads. Reference purpose only. On some systems percentages may not work as expected. Useful for PState and performance based tests. This is not a thermal test.",
                "min": 10,
                "max": 100,
                "stepping": 10,
                "ButtonName": "Start",
                "Status": "Stopped",
                "isSelected": true
              }
            ]
          }
        },
        {
          "Note": "Power level or Core and Thread selections are not applicable for TDP/nTDP, or PMAX/PMAX.App tests",
          "Name": "PMAX.App",
          "Index": "6",
          "ToolTip": "Utilization workloads. Reference purpose only. On some systems percentages may not work as expected. Useful for PState and performance based tests. This is not a thermal test.",
          "TableData": {
            "Header": [
              "Note",
              "Action",
              "Status"
            ],
            "Row": [
              {
                "Note": "Power level or Core and Thread selections are not applicable for TDP/nTDP, or PMAX/PMAX.App tests",
                "Name": "CPU0",
                "Index": "1",
                "GroupID": "6",
                "Action": "Slider",
                "ToolTip": "Utilization workloads. Reference purpose only. On some systems percentages may not work as expected. Useful for PState and performance based tests. This is not a thermal test.",
                "min": 10,
                "max": 100,
                "stepping": 10,
                "ButtonName": "Start",
                "Status": "Stopped",
                "isSelected": true
              }
            ]
          }
        }
      ]
    },
    {
      "Name": "MEM Test",
      "Index": "1",
      "expand": "true",
      "DropDownList": [
        {
          "Note": "",
          "Name": "Memory Read",
          "Index": "0",
          "ToolTip": "For Each memory  Selected number of delay instructions will be executed",
          "TableData": {
            "Header": [
              "Instance",
              "Levels",
              "Action",
              "Status"
            ],
            "Row": [
              {
                "Name": "CPU0",
                "Index": "0",
                "GroupID": "6",
                "Action": "Slider",
                "ToolTip": "Utilization workloads. Reference purpose only. On some systems percentages may not work as expected. Useful for PState and performance based tests. This is not a thermal test.",
                "min": 10,
                "max": 100,
                "stepping": 10,
                "ButtonName": "Start",
                "Status": "Stopped",
                "isSelected": true,
               
                "PackageCount": 8,
                "PackageAllSelected": true,
                "PackageStart": "CPU 0",
                "PackageEnd": "CPU 2",
                "CoreStart": "Core 0",
                "CoreEnd": "Core 2",
                "CoreCount": 3
              }
            ]
          }
        },
        {
          "Note": "",
          "Name": "Memory Write",
          "Index": "1",
          "ToolTip": "For Each memory  Selected number of delay instructions will be executed",
          "TableData": {
            "Header": [
              "Instance",
              "Levels",
              "Action",
              "Status"
            ],
            "Row": [
              {
                "Name": "CPU0",
                "Index": "0",
                "GroupID": "6",
                "Action": "Slider",
                "ToolTip": "Utilization workloads. Reference purpose only. On some systems percentages may not work as expected. Useful for PState and performance based tests. This is not a thermal test.",
                "min": 10,
                "max": 100,
                "stepping": 10,
                "ButtonName": "Start",
                "Status": "Stopped",
                "isSelected": true,
                
                "PackageCount": 8,
                "PackageAllSelected": true,
                "PackageStart": "CPU 0",
                "PackageEnd": "CPU 2",
                "CoreStart": "Core 0",
                "CoreEnd": "Core 2",
                "CoreCount": 3
                
              }
            ]
          }
        },
        {
          "Note": "",
          "Name": "Memory Rd/Wr",
          "Index": "2",
          "ToolTip": "For Each memory  Selected number of delay instructions will be executed",
          "TableData": {
            "Header": [
              "Instance",
              "Levels",
              "Action",
              "Status"
            ],
            "Row": [
              {
                "Name": "CPU0",
                "Index": "0",
                "GroupID": "6",
                "Action": "Slider",
                "ToolTip": "Utilization workloads. Reference purpose only. On some systems percentages may not work as expected. Useful for PState and performance based tests. This is not a thermal test.",
                "min": 10,
                "max": 100,
                "stepping": 10,
                "ButtonName": "Start",
                "Status": "Stopped",
                "isSelected": true,
                
                "PackageCount": 8,
                "PackageAllSelected": true,
                "PackageStart": "CPU 0",
                "PackageEnd": "CPU 2",
                "CoreStart": "Core 0",
                "CoreEnd": "Core 2",
                "CoreCount": 3
              }
            ]
          }
        },
        {
          "Note": "",
          "Name": "Extended Rd/Wr",
          "Index": "3",
          "ToolTip": "For Each memory  Selected number of delay instructions will be executed",
          "TableData": {
            "Header": [
              "Instance",
              "Levels",
              "Action",
              "Status"
            ],
            "Row": [
              {
                "Name": "Write with Delay",
                "Index": "0",
                "GroupID": "0",
                "Action": "Slider",
                "ToolTip": "For Each memory  Selected number of delay instructions will be executed",
                "min": 50,
                "max": 500,
                "stepping": 50,
                "ButtonName": "Start",
                "Status": "Stopped",
                "isSelected": true,
                
                "PackageCount": 8,
                "PackageAllSelected": true,
                "PackageStart": "CPU 0",
                "PackageEnd": "CPU 2",
                "CoreStart": "Core 0",
                "CoreEnd": "Core 2",
                "CoreCount": 3
              }
            ]
          }
        }
      ]
    },
    {
      "Name": "PMEM Test",
      "Index": "2",
      "expand": "true",
      "DropDownList": [
        {
          "Note": "",
          "Name": "AD Read",
          "Index": "0",
          "ToolTip": "For Each memory  Selected number of delay instructions will be executed",
          "TableData": {
            "Header": [
              "Instance",
              "Levels",
              "Action",
              "Status"
            ],
            "Row": [
              {
                "Name": "CPU0",
                "Index": "0",
                "GroupID": "6",
                "Action": "Slider",
                "ToolTip": "Utilization workloads. Reference purpose only. On some systems percentages may not work as expected. Useful for PState and performance based tests. This is not a thermal test.",
                "min": 10,
                "max": 100,
                "stepping": 10,
                "ButtonName": "Start",
                "Status": "Stopped",
                "isSelected": true,
                
                "SelectAllThread": true,
                
                "PackageCount": 8,
                "PackageAllSelected": true,
                "PackageStart": "CPU 0",
                "PackageEnd": "CPU 2",
                "CoreStart": "Core 0",
                "CoreEnd": "Core 2",
                "CoreCount": 3,
                "ThreadStart": "Thread 0",
                "ThreadEnd": "Thread 1",
                "ThreadCount": 2
              }
            ]
          }
        },
        {
          "Note": "",
          "Name": "AD Write",
          "Index": "1",
          "ToolTip": "For Each memory  Selected number of delay instructions will be executed",
          "TableData": {
            "Header": [
              "Instance",
              "Levels",
              "Action",
              "Status"
            ],
            "Row": [
              {
                "Name": "CPU0",
                "Index": "0",
                "GroupID": "6",
                "Action": "Slider",
                "ToolTip": "Utilization workloads. Reference purpose only. On some systems percentages may not work as expected. Useful for PState and performance based tests. This is not a thermal test.",
                "min": 10,
                "max": 100,
                "stepping": 10,
                "ButtonName": "Start",
                "Status": "Stopped",
                "isSelected": true,
                
                "SelectAllThread": true,
                
                "PackageCount": 8,
                "PackageAllSelected": true,
                "PackageStart": "CPU 0",
                "PackageEnd": "CPU 2",
                "CoreStart": "Core 0",
                "CoreEnd": "Core 2",
                "CoreCount": 3,
                "ThreadStart": "Thread 0",
                "ThreadEnd": "Thread 1",
                "ThreadCount": 2
              }
            ]
          }
        }
      ]
    },
    {
      "Name": "COMBO Test",
      "Index": "3",
      "expand": "true",
      "DropDownList": [
        {
          "Note": "",
          "Name": "Combo Test",
          "Index": "0",
          "ToolTip": "For Each memory  Selected number of delay instructions will be executed",
          "TableData": {
            "Header": [
              "Name",
              "Power Levels",
              "Mem Levels",
              "CPU Core",
              "Mem Core",
              "PMem Core",
              "Action",
              "Status"
            ],
            "Row": [
              {
                "Name": "CoreSSE+MemRd",
                "Index": "0",
                "GroupID": "8",
                "Action": "Dropdown",
                "SelectedPowerLevel": "100",
                "SelectedMemLevel": "100",
                "SelectedCPUCore": "0",
                "SelectedMemCore": "0",
                "SelectedPMemCore": "",
                "ToolTip": "CPU Stress1 has shorter and random approximately 1ms peaks. CPU Stress2 is a stable workload with higher 1sec average peak.",
                "CpuCores" : ["0","1","2","3","4"],
                "MemCores": ["0","1","2","3","4"],
                "PmemCores": ["0","1","2","3","4"],
                "PowerLevel": ["100","90","80","70","60"],
                "MemLevel": ["100","90","80","70","60"],
                
                "DropdownName": "Turbo Off",
                "ButtonName": "Start",
                "Status": "Stopped"
              },
              {
                "Name": "CoreSSE+MemRd+PmemWr",
                "Index": "0",
                "GroupID": "8",
                "Action": "Dropdown",
                "SelectedPowerLevel": "100",
                "SelectedMemLevel": "100",
                "SelectedCPUCore": "0",
                "SelectedMemCore": "0",
                "SelectedPMemCore": "0",
                "ToolTip": "CPU Stress1 has shorter and random approximately 1ms peaks. CPU Stress2 is a stable workload with higher 1sec average peak.",
                "CpuCores" : ["0","1","2","3","4"],
                "MemCores": ["0","1","2","3","4"],
                "PmemCores": ["0","1","2","3","4"],
                "PowerLevel": ["100","90","80","70","60"],
                "MemLevel": ["100","90","80","70","60"],
                "DropdownName": "Turbo Off",
                "ButtonName": "Start",
                "Status": "Stopped"
              },
              {
                "Name": "CoreSSE+MemRd+PmemRd",
                "Index": "0",
                "GroupID": "8",
                "Action": "Dropdown",
                "SelectedPowerLevel": "100",
                "SelectedMemLevel": "100",
                "SelectedCPUCore": "0",
                "SelectedMemCore": "0",
                "SelectedPMemCore": "0",
                "ToolTip": "CPU Stress1 has shorter and random approximately 1ms peaks. CPU Stress2 is a stable workload with higher 1sec average peak.",
                "CpuCores" : ["0","1","2","3","4"],
                "MemCores": ["0","1","2","3","4"],
                "PmemCores": ["0","1","2","3","4"],
                "PowerLevel": ["100","90","80","70","60"],
                "MemLevel": ["100","90","80","70","60"],
                "DropdownName": "Turbo Off",
                "ButtonName": "Start",
                "Status": "Stopped"
              },
              {
                "Name": "CoreSSE+MemWr+PmemRd",
                "Index": "0",
                "GroupID": "8",
                "Action": "Dropdown",
                "SelectedPowerLevel": "100",
                "SelectedMemLevel": "100",
                "SelectedCPUCore": "0",
                "SelectedMemCore": "0",
                "SelectedPMemCore": "0",
                "ToolTip": "CPU Stress1 has shorter and random approximately 1ms peaks. CPU Stress2 is a stable workload with higher 1sec average peak.",
                "CpuCores" : ["0","1","2","3","4"],
                "MemCores": ["0","1","2","3","4"],
                "PmemCores": ["0","1","2","3","4"],
                "PowerLevel": ["100","90","80","70","60"],
                "MemLevel": ["100","90","80","70","60"],
                "DropdownName": "Turbo Off",
                "ButtonName": "Start",
                "Status": "Stopped"
              },
              {
                "Name": "MemWr+PmemRd",
                "Index": "0",
                "GroupID": "8",
                "Action": "Dropdown",
                "SelectedPowerLevel": "",
                "SelectedMemLevel": "100",
                "SelectedCPUCore": "",
                "SelectedMemCore": "0",
                "SelectedPMemCore": "0",
                "ToolTip": "CPU Stress1 has shorter and random approximately 1ms peaks. CPU Stress2 is a stable workload with higher 1sec average peak.",
                "CpuCores" : ["0","1","2","3","4"],
                "MemCores": ["0","1","2","3","4"],
                "PmemCores": ["0","1","2","3","4"],
                "PowerLevel": ["100","90","80","70","60"],
                "MemLevel": ["100","90","80","70","60"],
                "DropdownName": "Turbo Off",
                "ButtonName": "Start",
                "Status": "Stopped"
              },
              {
                "Name": "MemRd+PmemRd",
                "Index": "0",
                "GroupID": "8",
                "Action": "Dropdown",
                "SelectedPowerLevel": "",
                "SelectedMemLevel": "100",
                "SelectedCPUCore": "",
                "SelectedMemCore": "0",
                "SelectedPMemCore": "0",
                "ToolTip": "CPU Stress1 has shorter and random approximately 1ms peaks. CPU Stress2 is a stable workload with higher 1sec average peak.",
                "CpuCores" : ["0","1","2","3","4"],
                "MemCores": ["0","1","2","3","4"],
                "PmemCores": ["0","1","2","3","4"],
                "PowerLevel": ["100","90","80","70","60"],
                "MemLevel": ["100","90","80","70","60"],
                "DropdownName": "Turbo Off",
                "ButtonName": "Start",
                "Status": "Stopped"
              }
            ]
          }
        }
      ]
    }
  ]
}